[
    {
        "key": "group_58cc37276c1be",
        "title": "Home Page",
        "fields": [
            {
                "key": "field_58cfeb5154565",
                "label": "Hero Photo",
                "name": "hero_photo",
                "type": "image",
                "instructions": "",
                "required": 1,
                "conditional_logic": 0,
                "wrapper": {
                    "width": "",
                    "class": "",
                    "id": ""
                },
                "return_format": "url",
                "preview_size": "thumbnail",
                "library": "all",
                "min_width": "",
                "min_height": "",
                "min_size": "",
                "max_width": "",
                "max_height": "",
                "max_size": "",
                "mime_types": ""
            },
            {
                "key": "field_58cfeb8254566",
                "label": "Hero Overlay",
                "name": "hero_overlay",
                "type": "wysiwyg",
                "instructions": "Insert any text below that you would like to appear over the hero image. This field is not required if you would like to have your featured hero image be the main attraction!",
                "required": 0,
                "conditional_logic": 0,
                "wrapper": {
                    "width": "",
                    "class": "",
                    "id": ""
                },
                "default_value": "<h1>adventure<\/h1>\r\n<ul>\r\n<li><h5><i>noun<\/i><h5><\/li>\r\n<li><h5>ad&#183;ven&#183;ture<\/h5><\/li>\r\n<li><h5>&#92;əd&hyphen;&#39;ven&hyphen;chər&#92;<\/h5><\/li>\r\n<\/ul>\r\n<h3>an exciting or remarkable experience<\/h3>",
                "tabs": "all",
                "toolbar": "full",
                "media_upload": 0,
                "delay": 0
            },
            {
                "key": "field_58cc3736f7d44",
                "label": "About Me",
                "name": "about_me",
                "type": "wysiwyg",
                "instructions": "",
                "required": 1,
                "conditional_logic": 0,
                "wrapper": {
                    "width": "",
                    "class": "",
                    "id": ""
                },
                "default_value": "<h1>HELLO.<\/h1>\r\n<p>Lorem ipsum dolor sit amet, consectetur adipiscing elit. Aliquam ac laoreet nibh. Vestibulum ipsum ex, efficitur in tortor nec, tincidunt maximus mauris. Curabitur eget lacus luctus, hendrerit mi at, ultricies lorem. Nulla scelerisque tortor nec blandit iaculis. Suspendisse condimentum scelerisque diam viarius ipsum. <\/p>\r\n<p>Duis iaculis massa eu arcu convallis tristique. Curabitur vestibulum ante eu mi interdum, nec aliquet augue scelerisque. In at fermentum dui. Pretium scelerisque. Cras sed velit eget est convallis lacinia nec eget lorem. Lorem ipsum dolor sit amet, consectetur adipiscing elit.<\/p>",
                "tabs": "all",
                "toolbar": "full",
                "media_upload": 0,
                "delay": 0
            },
            {
                "key": "field_58cfec9754567",
                "label": "About Image",
                "name": "about_image",
                "type": "image",
                "instructions": "",
                "required": 1,
                "conditional_logic": 0,
                "wrapper": {
                    "width": "",
                    "class": "",
                    "id": ""
                },
                "return_format": "url",
                "preview_size": "thumbnail",
                "library": "all",
                "min_width": "",
                "min_height": "",
                "min_size": "",
                "max_width": "",
                "max_height": "",
                "max_size": "",
                "mime_types": ""
            },
            {
                "key": "field_58cfed421e10b",
                "label": "Map Section Title",
                "name": "map_section_title",
                "type": "text",
                "instructions": "",
                "required": 1,
                "conditional_logic": 0,
                "wrapper": {
                    "width": "",
                    "class": "",
                    "id": ""
                },
                "default_value": "WHERE I'VE BEEN",
                "placeholder": "",
                "prepend": "",
                "append": "",
                "maxlength": ""
            }
        ],
        "location": [
            [
                {
                    "param": "page_template",
                    "operator": "==",
                    "value": "index.php"
                }
            ]
        ],
        "menu_order": 0,
        "position": "normal",
        "style": "default",
        "label_placement": "top",
        "instruction_placement": "label",
        "hide_on_screen": [
            "the_content"
        ],
        "active": 1,
        "description": ""
    },
    {
        "key": "group_58cc2ad132c13",
        "title": "Location Post",
        "fields": [
            {
                "key": "field_58d13ac8e34db",
                "label": "Title",
                "name": "title",
                "type": "text",
                "instructions": "",
                "required": 1,
                "conditional_logic": 0,
                "wrapper": {
                    "width": "",
                    "class": "",
                    "id": ""
                },
                "default_value": "",
                "placeholder": "",
                "prepend": "",
                "append": "",
                "maxlength": ""
            },
            {
                "key": "field_58cc2c6dbc5d5",
                "label": "Lat",
                "name": "lat",
                "type": "text",
                "instructions": "",
                "required": 1,
                "conditional_logic": 0,
                "wrapper": {
                    "width": "",
                    "class": "",
                    "id": ""
                },
                "default_value": "",
                "placeholder": "",
                "prepend": "",
                "append": "",
                "maxlength": ""
            },
            {
                "key": "field_58cc2c7ebc5d6",
                "label": "Long",
                "name": "long",
                "type": "text",
                "instructions": "",
                "required": 1,
                "conditional_logic": 0,
                "wrapper": {
                    "width": "",
                    "class": "",
                    "id": ""
                },
                "default_value": "",
                "placeholder": "",
                "prepend": "",
                "append": "",
                "maxlength": ""
            },
            {
                "key": "field_58d016c2eb8b4",
                "label": "Thumbnail Image",
                "name": "thumbnail_image",
                "type": "image",
                "instructions": "",
                "required": 1,
                "conditional_logic": 0,
                "wrapper": {
                    "width": "",
                    "class": "",
                    "id": ""
                },
                "return_format": "url",
                "preview_size": "thumbnail",
                "library": "all",
                "min_width": "",
                "min_height": "",
                "min_size": "",
                "max_width": "",
                "max_height": "",
                "max_size": "",
                "mime_types": ""
            },
            {
                "key": "field_58cc2b27f60dc",
                "label": "Intro",
                "name": "intro",
                "type": "wysiwyg",
                "instructions": "",
                "required": 1,
                "conditional_logic": 0,
                "wrapper": {
                    "width": "",
                    "class": "",
                    "id": ""
                },
                "default_value": "",
                "tabs": "all",
                "toolbar": "full",
                "media_upload": 0,
                "delay": 0
            },
            {
                "key": "field_58cc2b41f60dd",
                "label": "Intro Images",
                "name": "intro_images",
                "type": "flexible_content",
                "instructions": "",
                "required": 0,
                "conditional_logic": 0,
                "wrapper": {
                    "width": "",
                    "class": "",
                    "id": ""
                },
                "button_label": "Add Image Row",
                "min": "",
                "max": "",
                "layouts": [
                    {
                        "key": "58cc2b509c0ab",
                        "name": "single",
                        "label": "Single",
                        "display": "row",
                        "sub_fields": [
                            {
                                "key": "field_58cc2b58f60df",
                                "label": "Image",
                                "name": "image",
                                "type": "image",
                                "instructions": "",
                                "required": 0,
                                "conditional_logic": 0,
                                "wrapper": {
                                    "width": "",
                                    "class": "",
                                    "id": ""
                                },
                                "return_format": "url",
                                "preview_size": "thumbnail",
                                "library": "all",
                                "min_width": "",
                                "min_height": "",
                                "min_size": "",
                                "max_width": "",
                                "max_height": "",
                                "max_size": "",
                                "mime_types": ""
                            }
                        ],
                        "min": "",
                        "max": ""
                    },
                    {
                        "key": "58cc2b53f60de",
                        "name": "double",
                        "label": "Double",
                        "display": "row",
                        "sub_fields": [
                            {
                                "key": "field_58cc2b66f60e0",
                                "label": "Image Left",
                                "name": "image_left",
                                "type": "image",
                                "instructions": "",
                                "required": 0,
                                "conditional_logic": 0,
                                "wrapper": {
                                    "width": "",
                                    "class": "",
                                    "id": ""
                                },
                                "return_format": "url",
                                "preview_size": "thumbnail",
                                "library": "all",
                                "min_width": "",
                                "min_height": "",
                                "min_size": "",
                                "max_width": "",
                                "max_height": "",
                                "max_size": "",
                                "mime_types": ""
                            },
                            {
                                "key": "field_58cc2b73f60e1",
                                "label": "Image Right",
                                "name": "image_right",
                                "type": "image",
                                "instructions": "",
                                "required": 0,
                                "conditional_logic": 0,
                                "wrapper": {
                                    "width": "",
                                    "class": "",
                                    "id": ""
                                },
                                "return_format": "url",
                                "preview_size": "thumbnail",
                                "library": "all",
                                "min_width": "",
                                "min_height": "",
                                "min_size": "",
                                "max_width": "",
                                "max_height": "",
                                "max_size": "",
                                "mime_types": ""
                            }
                        ],
                        "min": "",
                        "max": ""
                    },
                    {
                        "key": "5901fce8d1a18",
                        "name": "tall",
                        "label": "Tall",
                        "display": "row",
                        "sub_fields": [
                            {
                                "key": "field_5901fcecd1a19",
                                "label": "image",
                                "name": "image",
                                "type": "image",
                                "instructions": "",
                                "required": 0,
                                "conditional_logic": 0,
                                "wrapper": {
                                    "width": "",
                                    "class": "",
                                    "id": ""
                                },
                                "return_format": "url",
                                "preview_size": "thumbnail",
                                "library": "all",
                                "min_width": "",
                                "min_height": "",
                                "min_size": "",
                                "max_width": "",
                                "max_height": "",
                                "max_size": "",
                                "mime_types": ""
                            }
                        ],
                        "min": "",
                        "max": ""
                    },
                    {
                        "key": "5901fcfed1a1a",
                        "name": "triple",
                        "label": "Triple",
                        "display": "row",
                        "sub_fields": [
                            {
                                "key": "field_5901fd07d1a1b",
                                "label": "image left",
                                "name": "image_left",
                                "type": "image",
                                "instructions": "",
                                "required": 0,
                                "conditional_logic": 0,
                                "wrapper": {
                                    "width": "",
                                    "class": "",
                                    "id": ""
                                },
                                "return_format": "url",
                                "preview_size": "thumbnail",
                                "library": "all",
                                "min_width": "",
                                "min_height": "",
                                "min_size": "",
                                "max_width": "",
                                "max_height": "",
                                "max_size": "",
                                "mime_types": ""
                            },
                            {
                                "key": "field_5901fd19d1a1c",
                                "label": "image center",
                                "name": "image_center",
                                "type": "image",
                                "instructions": "",
                                "required": 0,
                                "conditional_logic": 0,
                                "wrapper": {
                                    "width": "",
                                    "class": "",
                                    "id": ""
                                },
                                "return_format": "url",
                                "preview_size": "thumbnail",
                                "library": "all",
                                "min_width": "",
                                "min_height": "",
                                "min_size": "",
                                "max_width": "",
                                "max_height": "",
                                "max_size": "",
                                "mime_types": ""
                            },
                            {
                                "key": "field_5901fd2fd1a1d",
                                "label": "image right",
                                "name": "image_right",
                                "type": "image",
                                "instructions": "",
                                "required": 0,
                                "conditional_logic": 0,
                                "wrapper": {
                                    "width": "",
                                    "class": "",
                                    "id": ""
                                },
                                "return_format": "url",
                                "preview_size": "thumbnail",
                                "library": "all",
                                "min_width": "",
                                "min_height": "",
                                "min_size": "",
                                "max_width": "",
                                "max_height": "",
                                "max_size": "",
                                "mime_types": ""
                            }
                        ],
                        "min": "",
                        "max": ""
                    }
                ]
            },
            {
                "key": "field_58cc2ba8f60e2",
                "label": "Locations",
                "name": "locations",
                "type": "repeater",
                "instructions": "",
                "required": 0,
                "conditional_logic": 0,
                "wrapper": {
                    "width": "",
                    "class": "",
                    "id": ""
                },
                "collapsed": "",
                "min": 0,
                "max": 0,
                "layout": "row",
                "button_label": "",
                "sub_fields": [
                    {
                        "key": "field_58cc2bd2f60e3",
                        "label": "Name",
                        "name": "name",
                        "type": "text",
                        "instructions": "",
                        "required": 1,
                        "conditional_logic": 0,
                        "wrapper": {
                            "width": "",
                            "class": "",
                            "id": ""
                        },
                        "default_value": "",
                        "placeholder": "",
                        "prepend": "",
                        "append": "",
                        "maxlength": ""
                    },
                    {
                        "key": "field_58cc2bdbf60e4",
                        "label": "Lat",
                        "name": "lat",
                        "type": "text",
                        "instructions": "",
                        "required": 1,
                        "conditional_logic": 0,
                        "wrapper": {
                            "width": "",
                            "class": "",
                            "id": ""
                        },
                        "default_value": "",
                        "placeholder": "",
                        "prepend": "",
                        "append": "",
                        "maxlength": ""
                    },
                    {
                        "key": "field_58cc2be2f60e5",
                        "label": "Long",
                        "name": "long",
                        "type": "text",
                        "instructions": "",
                        "required": 1,
                        "conditional_logic": 0,
                        "wrapper": {
                            "width": "",
                            "class": "",
                            "id": ""
                        },
                        "default_value": "",
                        "placeholder": "",
                        "prepend": "",
                        "append": "",
                        "maxlength": ""
                    },
                    {
                        "key": "field_58cc2c01f60e6",
                        "label": "Text",
                        "name": "text",
                        "type": "wysiwyg",
                        "instructions": "",
                        "required": 0,
                        "conditional_logic": 0,
                        "wrapper": {
                            "width": "",
                            "class": "",
                            "id": ""
                        },
                        "default_value": "",
                        "tabs": "all",
                        "toolbar": "full",
                        "media_upload": 0,
                        "delay": 0
                    },
                    {
                        "key": "field_58cc2c10f60e7",
                        "label": "Images",
                        "name": "images",
                        "type": "flexible_content",
                        "instructions": "",
                        "required": 0,
                        "conditional_logic": 0,
                        "wrapper": {
                            "width": "",
                            "class": "",
                            "id": ""
                        },
                        "button_label": "Add Image Row",
                        "min": "",
                        "max": "",
                        "layouts": [
                            {
                                "key": "58cc2c1b626aa",
                                "name": "single",
                                "label": "Single",
                                "display": "row",
                                "sub_fields": [
                                    {
                                        "key": "field_58cc2c21f60e8",
                                        "label": "image",
                                        "name": "image",
                                        "type": "image",
                                        "instructions": "",
                                        "required": 0,
                                        "conditional_logic": 0,
                                        "wrapper": {
                                            "width": "",
                                            "class": "",
                                            "id": ""
                                        },
                                        "return_format": "url",
                                        "preview_size": "thumbnail",
                                        "library": "all",
                                        "min_width": "",
                                        "min_height": "",
                                        "min_size": "",
                                        "max_width": "",
                                        "max_height": "",
                                        "max_size": "",
                                        "mime_types": ""
                                    }
                                ],
                                "min": "",
                                "max": ""
                            },
                            {
                                "key": "58cc2c32f60e9",
                                "name": "double",
                                "label": "Double",
                                "display": "row",
                                "sub_fields": [
                                    {
                                        "key": "field_58cc2c36f60ea",
                                        "label": "Image Left",
                                        "name": "image_left",
                                        "type": "image",
                                        "instructions": "",
                                        "required": 0,
                                        "conditional_logic": 0,
                                        "wrapper": {
                                            "width": "",
                                            "class": "",
                                            "id": ""
                                        },
                                        "return_format": "url",
                                        "preview_size": "thumbnail",
                                        "library": "all",
                                        "min_width": "",
                                        "min_height": "",
                                        "min_size": "",
                                        "max_width": "",
                                        "max_height": "",
                                        "max_size": "",
                                        "mime_types": ""
                                    },
                                    {
                                        "key": "field_58cc2c46f60eb",
                                        "label": "Image Right",
                                        "name": "image_right",
                                        "type": "image",
                                        "instructions": "",
                                        "required": 0,
                                        "conditional_logic": 0,
                                        "wrapper": {
                                            "width": "",
                                            "class": "",
                                            "id": ""
                                        },
                                        "return_format": "url",
                                        "preview_size": "thumbnail",
                                        "library": "all",
                                        "min_width": "",
                                        "min_height": "",
                                        "min_size": "",
                                        "max_width": "",
                                        "max_height": "",
                                        "max_size": "",
                                        "mime_types": ""
                                    }
                                ],
                                "min": "",
                                "max": ""
                            },
                            {
                                "key": "58fa5b87bf2aa",
                                "name": "tall",
                                "label": "Tall",
                                "display": "row",
                                "sub_fields": [
                                    {
                                        "key": "field_58fa5b8dbf2ab",
                                        "label": "image",
                                        "name": "image",
                                        "type": "image",
                                        "instructions": "",
                                        "required": 0,
                                        "conditional_logic": 0,
                                        "wrapper": {
                                            "width": "",
                                            "class": "",
                                            "id": ""
                                        },
                                        "return_format": "url",
                                        "preview_size": "thumbnail",
                                        "library": "all",
                                        "min_width": "",
                                        "min_height": "",
                                        "min_size": "",
                                        "max_width": "",
                                        "max_height": "",
                                        "max_size": "",
                                        "mime_types": ""
                                    }
                                ],
                                "min": "",
                                "max": ""
                            },
                            {
                                "key": "58ff5159458d7",
                                "name": "triple",
                                "label": "Triple",
                                "display": "row",
                                "sub_fields": [
                                    {
                                        "key": "field_58ff515f458d8",
                                        "label": "image left",
                                        "name": "image_left",
                                        "type": "image",
                                        "instructions": "",
                                        "required": 0,
                                        "conditional_logic": 0,
                                        "wrapper": {
                                            "width": "",
                                            "class": "",
                                            "id": ""
                                        },
                                        "return_format": "url",
                                        "preview_size": "thumbnail",
                                        "library": "all",
                                        "min_width": "",
                                        "min_height": "",
                                        "min_size": "",
                                        "max_width": "",
                                        "max_height": "",
                                        "max_size": "",
                                        "mime_types": ""
                                    },
                                    {
                                        "key": "field_58ff5175458d9",
                                        "label": "image center",
                                        "name": "image_center",
                                        "type": "image",
                                        "instructions": "",
                                        "required": 0,
                                        "conditional_logic": 0,
                                        "wrapper": {
                                            "width": "",
                                            "class": "",
                                            "id": ""
                                        },
                                        "return_format": "url",
                                        "preview_size": "thumbnail",
                                        "library": "all",
                                        "min_width": "",
                                        "min_height": "",
                                        "min_size": "",
                                        "max_width": "",
                                        "max_height": "",
                                        "max_size": "",
                                        "mime_types": ""
                                    },
                                    {
                                        "key": "field_58ff5182458da",
                                        "label": "image right",
                                        "name": "image_right",
                                        "type": "image",
                                        "instructions": "",
                                        "required": 0,
                                        "conditional_logic": 0,
                                        "wrapper": {
                                            "width": "",
                                            "class": "",
                                            "id": ""
                                        },
                                        "return_format": "url",
                                        "preview_size": "thumbnail",
                                        "library": "all",
                                        "min_width": "",
                                        "min_height": "",
                                        "min_size": "",
                                        "max_width": "",
                                        "max_height": "",
                                        "max_size": "",
                                        "mime_types": ""
                                    }
                                ],
                                "min": "",
                                "max": ""
                            }
                        ]
                    }
                ]
            }
        ],
        "location": [
            [
                {
                    "param": "post_type",
                    "operator": "==",
                    "value": "post"
                }
            ]
        ],
        "menu_order": 0,
        "position": "normal",
        "style": "default",
        "label_placement": "top",
        "instruction_placement": "label",
        "hide_on_screen": [
            "the_content"
        ],
        "active": 1,
        "description": ""
    }
]